Title,Date,Participants,Ref.Keywords
"Introduction of the Destitute Children (Rehabilitation and Welfare) Bill, 2011. ",8/3/2013,Dutt Smt. Priya Sunil,"Child Development,Quality Of Education,Welfare Measures"
"Introduction of the Writers and Artists' Social Security Bill, 2011. ",8/3/2013,Dutt Smt. Priya Sunil,
"Introduction of the Persons With Disabilities (Equal Opportunities, Protection of Rights and Full Participation) Amendment Bill, 2011 (Amendment of section 33). ",8/3/2013,Dutt Smt. Priya Sunil,"Employment Reservation,Mental Retardation"
"Introduction of the Prevention of Bribery in Private Sector Bill, 2012. ",8/3/2013,Gandhi Shri Feroze Varun,"Private Sector,Corruption"
"Introduction of the Indian Penal Code (Amendment) Bill, 2012 (Insertion of new section 304AA). ",8/3/2013,Solanki Dr. Kirit Premjibhai,"Medical Treatment,Negligence"
"Introduction of the Lakshadweep Coconut Tree Climbers (Welfare) Bill, 2012. ",8/3/2013,Sayeed Muhammed Hamdulla A. B. ,"Insurance,Compensations,Welfare Measures"
"Introduction of the Disclosure of Lobbying Activities Bill, 2013. ",8/3/2013,Deo Shri Kalikesh Narayan Singh,
"Introduction of the Jute Growers (Remunerative Price and Welfare) Bill, 2013. ",8/3/2013,Dastidar Kakli Ghosh,"Price Rise,Insurance Schemes,Welfare Measures"
"Introduction of the Nationalisation of Inter-State Rivers Bill, 2013. ",8/3/2013,Deka Shri Ramen,"Water Distribution,Water Utilization"
"Introduction of the Indian Penal Code (Amendment) Bill, 2013 (Amendment of Section 304A, etc.). ",8/3/2013,Singh Shri Bhola,"Road Accidents,Negligence"
"Introduction of the Child Welfare Bill, 2013. ",8/3/2013,Singh Shri Bhola,"Child Development,Child Welfare,Exploitation"
"Introduction of the Compulsory Military Training Bill, 2013. ",8/3/2013,Singh Shri Bhola,
"Introduction of the Fodder Bank Bill, 2013. ",8/3/2013,Ahir Shri Hansraj Gangaram,
"Introduction of the Constitution (Amendment) Bill, 2013 (Insertion of new articles 16A and 16AA). ",8/3/2013,Ahir Shri Hansraj Gangaram,"Unemployment Allowance,Employment Generation"
"Introduction of the Constitution (Amendment) Bill, 2013 (Amendment of The Eighth Schedule). ",8/3/2013,Ahir Shri Hansraj Gangaram,Language Promotion
"Introduction of the Constitution (Amendment) Bill, 2013 (Insertion of new article 72A). ",8/3/2013,Ahir Shri Hansraj Gangaram,"Death Sentence,Mercy Petition"
"Introduction of the Powerloom Sector (Welfare) Bill, 2013. ",8/3/2013,Kashinath Shri Taware Suresh,Powerlooms
"Introduction of the Bureau of Accountability Bill, 2013. ",8/3/2013,Agarwal Shri Jai Prakash,"Administrative Reforms,Corruption"
"Introduction of the Cinematograph (Amendment) Bill, 2013 (Amendment of section 2, etc.). ",8/3/2013,Agarwal Shri Jai Prakash,"Quality Standards,TV Programmes"
"Further discussion on the motion for consideration of the Mahatma Gandhi National Rural Employment Guarantee (Amendment) Bill, 2010 (Amendment of section 2, etc.), moved by Shri Hansraj G. Ahir on 22.02.2013 (Discussion concluded and Bill withdrawn). ",8/3/2013,"Meghwal Shri Arjun Ram ,Kumar Shri Shailendra,Ray Shri Saugata,Yadav Shri Hukamdeo Narayan,Semmalai Shri S. ,Chauhan Shri Mahendrasinh P.,Singh Shri Bhola,Deka Shri Ramen,Kashyap Shri Virender,Pal Shri Jagdambika,Hussain Shri Syed Shahnawaz,Jain Aditya Shri Pradeep Kumar,Ahir Shri Hansraj Gangaram","Afforestation,Complaints,Employment Opportunities,Minimum Wage,Rural Areas,Rural Development,Women,Corruption,CBI Inquiry,Monitoring Mechanism,Employment Generation,Prime Minister Gram Sadak Yojana (PMGSY),Irrigation Facilities,Centrally Sponsored Schemes,Embankments,Public Private Partnership (PPP),Mahatma Gandhi National Rural Employment Guarantee Act (MNREGA)"
"Discussion on the motion for consideration of the Safai Karamcharis Insurance Scheme Bill, 2011 (Discussion not concluded). ",8/3/2013,Meghwal Shri Arjun Ram ,Insurance Schemes
"Introduction of the Old Age Pension Bill, 2012. ",22-02-2013,Acharia Shri Basudeb,
"Introduction of the Constitution (Amendment) Bill, 2012 (Amendment of article 72). ",22-02-2013,Geete Shri Anant Gangaram,
"Introduction of the Environment Protection (Control of Non-Biodegradable Garbage) Bill, 2013. ",22-02-2013,Chauhan Shri Mahendrasinh P.,"Environmental Pollution,Health Hazards"
"Introduction of the Electronic Waste (Handling and Disposal) Bill, 2013. ",22-02-2013,Chauhan Shri Mahendrasinh P.,"Electronic Equipment,Environmental Pollution,Health Hazards"
"Introduction of the Removal of Homlessness Bill, 2013. ",22-02-2013,Chauhan Shri Mahendrasinh P.,Housing
"Introduction of the Indecent or Surrogate Advertisement and Remix Songs (Prohibition) Bill, 2013.",22-02-2013,Chauhan Shri Mahendrasinh P.,Obscene Materials
"Introduction of the Indian Forest (Amendment) Bill, 2013 (Amendment of Section 2). ",22-02-2013,Rai Shri Prem Das,"Bamboo Based Industry,Tribal Welfare"
"Introduction of the Agricultural Workers (Employment Conditions of Service and Welfare) Bill, 2013. ",22-02-2013,Wakchaure Shri Bhausaheb Rajaram,"Employment Security,Agricultural Labourers"
"Introduction of the Abolition of Child Labour Bill, 2013. ",22-02-2013,Wakchaure Shri Bhausaheb Rajaram,"Compulsory Education,Rehabilitation,Poverty Eradication"
"Introduction of the National Commission For Youth Bill, 2013. ",22-02-2013,Wakchaure Shri Bhausaheb Rajaram,Youth Development
"Introduction of the Hindu Succession (Amendment) Bill, 2013 (Amendment of Section 3 and 15). ",22-02-2013,Thakur Shri Anurag Singh,
"Introduction of the Information Technology (Amendment) Bill, 2013 (Amendment of Section 2, Etc.). ",22-02-2013,Panda Shri Baijayant,"Law Violation,Punishments"
"Introduction of the Bihar Reorganisation (Amendment) Bill, 2013 (Amendment of the Eighth Schedule). ",22-02-2013,Dubey Shri Nishikant ,"Pension,State Reorganisation"
"Introduction of the Prevention of Female Infanticide Bill, 2013. ",22-02-2013,Singh Shri Rakesh,"Social Evils,Punishments"
"Introduction of the Computer Training Centres (Regulation) Bill, 2013. ",22-02-2013,Singh Shri Rakesh,"Registration,Training Programmes,Punishments"
"Introduction of the Special Financial Assistance to the State of Madhya Pradesh Bill, 2013.",22-02-2013,Singh Shri Rakesh,"Development Programmes,Financial Aid,Economic Backwardness"
"Further discussion on the Provision of Social Security to Senior Citizens Bill, 2010 (Bill withdrawn). ",22-02-2013,"Meghwal Shri Arjun Ram ,Singh Chaudhary Lal,Mandal Shri Mangani Lal,Mahtab Shri Bhartruhari,Singh Shri Vijay Bahadur,Tirkey Shri Manohar,Balram Shri P.,Agarwal Shri Jai Prakash","Grievances Cell,Health Facilities,Housing Schemes,Medical Facilities,Old Age Benefits,Pension Schemes,Social Security,Senior Citizens,Welfare Measures,Medical Hospitals,Nuclear Family"
"Discussion on the motion for consideration of the Mahatma Gandhi National Rural Employment Guarantee (Amendment) Bill, 2010 (Amendment of Section 2, etc.) (Discussion not concluded). ",22-02-2013,"Ahir Shri Hansraj Gangaram,Singh Chaudhary Lal,Meghwal Shri Arjun Ram ","Agricultural Sector,Development Programmes,Employment Opportunities,Minimum Wage,Rural Areas,Cottage Industry,Irrigation Facilities,Unemployed Youth,Mahatma Gandhi National Rural Employment Guarantee Act (MNREGA)"
"Introduction of the Fishermen (Welfare) Bill, 2012. ",7/12/2012,Ramasubbu Shri S.S.,Fishermen Welfare
"Introduction of the Special Educational Facilities (For Children of Parents Living Below Poverty Line) Bill, 2012. ",7/12/2012,Ramasubbu Shri S.S.,"Elementary Education,Hostels"
"Introduction of the Drugs (Price Control) Bill, 2012. ",7/12/2012,Raghavan Shri M. K.,"Medicine,Price Policy"
"Introduction of the High Court of Kerala (Establishment of a Permanent Bench at Kozhikode) Bill, 2012. ",7/12/2012,Raghavan Shri M. K.,Court Benches
"Introduction of the Payment of Compensation to Persons Attacked by Wild Animals Bill, 2012. ",7/12/2012,Raghavan Shri M. K.,Injuries
"Introduction of the Water (Prevention and Control of Pollution) Amendment Bill, 2012 (Amendment of Section 2, etc.) ",7/12/2012,Mahtab Shri Bhartruhari,"Water Pollution,Water Treatment,Sewage Treatment Plants"
"Introduction of the Spices Board (Amendment) Bill, 2012 (Omission of sections 16 and 28). ",7/12/2012,Thomas Shri P. T.,"Cardamom,Export Promotion"
"Introduction of the Women (Reservation in Services) Bill, 2012. ",7/12/2012,Botcha Lakshmi Smt. Jhansi,"Employment Reservation,Women's Reservation"
"Introduction of the Promotion of Small Family Bill, 2012. ",7/12/2012,Botcha Lakshmi Smt. Jhansi,"Medical Facilities,Population Explosion"
"Introduction of the Right to Information (Amendment) Bill, 2011 (Amendment of Section 7 and 20). ",7/12/2012,Singh Shri Bhupendra ,
"Introduction of the Mahatma Gandhi National Rural Employment Guarantee (Amendment) Bill, 2012 (Amendment of Section 12 etc.) ",7/12/2012,Singh Shri Bhupendra ,"Corruption,Fund Utilization"
"Introduction of the Prevention of Corruption (Amendment) Bill, 2012 (Amendment of Sections 7, 17 and 19). ",7/12/2012,Singh Shri Bhupendra ,
"Introduction of the Cotton Growers Welfare Bill, 2012. ",7/12/2012,Khaire Shri Chandrakant Bhaurao,Farmers' Welfare
"Introduction of the Compulsory Voting Bill, 2012. ",7/12/2012,Khaire Shri Chandrakant Bhaurao,
"Introduction of the Provision of Compensation to Farmers Affected by Natural Calamities Bill, 2012. ",7/12/2012,Khaire Shri Chandrakant Bhaurao,"Crop Insurance ,Crop Damages,Farmers' Welfare"
"Introduction of the Victims of Terrorism (Provision of Compensation and Welfare Measures) Bill, 2012. ",7/12/2012,Khaire Shri Chandrakant Bhaurao,
"Introduction of the Constitution (Amendment) Bill, 2012 (Amendment of the Eighth Schedule). ",7/12/2012,Singh Shri Bhupendra ,Language Promotion
"Introduction of the Poverty Stricken and Backward Regions (Development) Bill, 2012. ",7/12/2012,Chauhan Shri Mahendrasinh P.,"Development Programmes,Economic Disparity"
"Introduction of the High Court of Kerala (Establishment af a Permanent Bench at Thiruvananthapuram) Bill, 2012. ",7/12/2012,Sampath Shri Anirudhan,Court Benches
"Introduction of the Climate Change Bill, 2012. ",7/12/2012,Deo Shri Kalikesh Narayan Singh,"Global Warming,Green House Gases"
"Introduction of the Constitution (Amendment) Bill, 2012 (Amendment of Article 25). ",7/12/2012,Ajnala Dr. Rattan Singh,
"Introduction of the Persons Living Below Poverty Line (Reservation of Vacancies in Posts and Services) Bill, 2012. ",7/12/2012,Ahir Shri Hansraj Gangaram,"Hindus,Religion"
"Introduction of the National Solar Energy Authority Bill, 2012. ",7/12/2012,Ahir Shri Hansraj Gangaram,
"Introduction of the Naxal Affected States Development Council Bill, 2012. ",7/12/2012,Ahir Shri Hansraj Gangaram,"Development Programmes,Economic And Social Development,Infrastructure Development,Naxalism"
"Introduction of the Protection of Human Rights (Amendment) Bill, 2012 (Amendment of Section 2, etc.) ",7/12/2012,Singh Shri Bhola,"Armed Forces,Special Courts"
"Introduction of the Sanskrit Language (Compulsory Teaching in Schools) Bill, 2012. ",7/12/2012,Singh Shri Bhola,Language Promotion
"Introduction of the Constitution (Amendment) Bill, 2012 (Amendment of Article 58, etc.). ",7/12/2012,Singh Shri Bhola,Citizenship
"Introduction of Constitution (Amendment) Bill, 2012 (Insertion of New Article 31). ",7/12/2012,Singh Shri Bhola,"Basic Amenities,Below Poverty Line"
"Introduction of the Establishment of Schools Upto Senior Secondary Level Bill, 2012. ",7/12/2012,Agarwal Shri Jai Prakash,"Free Education,Secondary Schools"
"Introduction of the Electricity (Priority Supply to Metropolitan Areas) Bill, 2012. ",7/12/2012,Agarwal Shri Jai Prakash,"Power Supply,Electricity Shortage"
"Introduction of the Constitution (Amendment) Bill, 2012 (Amendment of Article 214). ",7/12/2012,Agarwal Shri Jai Prakash,"Pending Cases,High Court,Justice"
"Introduction of the Technology Bank of India Bill, 2012. ",7/12/2012,Meghwal Shri Arjun Ram ,"Bank Loans,Financial Aid"
"Introduction of the Education Bank of India Bill, 2012. ",7/12/2012,Meghwal Shri Arjun Ram ,"Bank Loans,Higher Education,Poverty"
"Introduction of the Constitution (Amendment) Bill, 2012 (Amendment of the Eighth Schedule). ",7/12/2012,Pandey Saroj,Language Promotion
"Introduction of the High Court of Rajasthan (Establishment of a Permanent Bench at Bikaner ) Bill, 2012. ",7/12/2012,Meghwal Shri Arjun Ram ,Court Benches
"Introduction of the </span><span lang=EN-GB style=''font-size:13.0pt;font-family:AryanUnicode;mso-ansi-language: EN-GB;mso-bidi-font-weight:bold''>The Farmers Welfare Bill, 2012. ",7/12/2012,Yadav Shri Madhusudan,"Agricultural Sector,Facilities,Welfare Measures"
"Introduction of the Prohibition of Ragging and Unfair Practices in Educational Institutions and Universities Bill, 2012. ",7/12/2012,Singh Shri Rakesh,"Capitation Fee,Educational Institutions,Quality Of Education"
"Introduction of the Cigarettes and other Tobacco Products ( Prohibition of Advertisement and Regulation of Trade and Commerce, Production, Supply and Distribution) Amendment Bill, 2012 (Amendment of Section 3, etc.). ",7/12/2012,Panda Shri Baijayant,"Diseases,Health Hazards,Smoking,Tobacco Industry"
"Introduction of the Scheduled Castes Hamlets (Provision of Basic Facilities) Bill, 2012. ",7/12/2012,Punia Shri P.L. ,Basic Amenities
"Introduction of the Economically Weaker Class Corporation Bill, 2012. ",7/12/2012,Punia Shri P.L. ,"Basic Needs,Economically Backward,Below Poverty Line"
"Introduction of the Persons with Disabilities ( Equal Opportunities, Protection of Rights and Full Participation ) Amendment Bill, 2012 (Amendment of Sections 2 and 33)</span></i><span style=''font-size:13.0pt;font-family:AryanUnicode; mso-bidi-font-style:italic''>. ",7/12/2012,Meghwal Shri Arjun Ram ,Employment Reservation
"Introduction of the Indian Penal Code (Amendment) Bill, 2012 </span><span style=''font-size:13.0pt;font-family:AryanUnicode;mso-bidi-font-style:italic''>(Substitution of new section for section 124A). ",7/12/2012,Panda Shri Baijayant,Sedition
"Introduction of the Agricultural Produce (Remunerative Support Prices and Miscelloneous Provisions) Bill, 2012. ",7/12/2012,Chauhan Shri Mahendrasinh P.,"Agricultural Sector,Remunerative Prices,Farmers' Welfare"
"Introduction of the Prevention of Cruelty to Animals (Amendment) Bill, 2012 (Amendment of Section 38). ",7/12/2012,Chauhan Shri Mahendrasinh P.,"Transportation,Animal Cruelty"
"Introduction of the Free Educational and Hostel Facilities to Students Belonging to the Scheduled Castes, the Scheduled Tribes and Economically Weaker Class Bill, 2012. ",7/12/2012,Chauhan Shri Mahendrasinh P.,"Free Education,SC & ST Welfare"
"Introduction of the Constitution (Amendment) Bill, 2012 </span><span lang=EN-GB style=''font-family:AryanUnicode;font-weight:normal; mso-bidi-font-weight:bold;mso-bidi-font-style:italic''>(Amendment of Article 130). ",7/12/2012,Thamaraiselvan Shri R.,Court Benches
"Introduction of the Education Loan Bill, 2012. ",7/12/2012,Thamaraiselvan Shri R.,"Higher Education,Loan Waiving,Educational Loan"
"Introduction of the Abolition of Begging Bill, 2012. ",7/12/2012,Thamaraiselvan Shri R.,"Beggars & Begging,Employment"
"Further discussion on the motion for consideration of the Ban on Witchcraft Bill, 2010, moved by Shri Om Prakash Yadav on 27th April, 2012 (Bill Negatived). ",7/12/2012,Tirath Smt. Krishna,"Atrocities,Social Evils,Women,Punishments"
"Discussion on the motion for consideration of the Provision of Social Security to Senior Citizens Bill, 2010 (Discussion not concluded). ",7/12/2012,"Agarwal Shri Jai Prakash,Kumar Shri Shailendra,Singh Shri Bhola,Semmalai Shri S. ,Chauhan Shri Mahendrasinh P.,Singh Dr. Raghuvansh Prasad,Gandhi Shri Dilip Kumar Mansukhlal,Meghwal Shri Arjun Ram ","Employment Opportunities,Financial Aid,Financial Resources,Health Insurance,Income Tax,Medical Facilities,Old Age Benefits,Pension,Pension Schemes,Provident Fund,Social Security,Welfare Schemes,Non-Governmental Organisations (NGO),Fund Utilization,Resources,Senior Citizens,Concessional Tariff,Below Poverty Line,Government Hospitals,Nuclear Family"
"Introduction of the Constitution (Amendment) Bill, 2011 (Insertion of new Chapter VIA etc.). ",9/8/2012,Lagadapati Shri Rajagopal,"State Government,Appointment"
"Introduction of the Land Acquisition (Amendment) Bill, 2011 (<i style=''mso-bidi-font-style:normal''>Insertion of new section 44C</i>). ",9/8/2012,Lagadapati Shri Rajagopal,Below Poverty Line
"Introduction of the National Assets (Protection) Bill, 2011. ",9/8/2012,Patil Shri A.T. Nana,"Safety Measures,Preservation of Cultural Heritage"
"Introduction of the Ancient Monument and Archaeological Sites and Remains (Amendment) Bill, 2011 (Amendment of section 20 A, etc.). ",9/8/2012,Patil Shri A.T. Nana,Preservation of Cultural Heritage
"Introduction of the Pre-Conception and Pre-Natal Diagnostic Techniques (Prohibition of Sex Selection) Amedment Bill, 2012 </span><b style=''mso-bidi-font-weight:normal''><span style=''font-size:13.0pt;font-family:AryanUnicode''>(<i style=''mso-bidi-font-style: normal''>Amendment of section 2, etc.</i>). </span></b><span style=''font-size: 13.0pt;font-family:AryanUnicode''>",9/8/2012,Panda Shri Baijayant,"Sex Determination Test,Foeticide,Sex Ratio"
"Introduction of the Tourism Promotion Corporation of India Bill, 2011",9/8/2012,Dubey Shri Nishikant ,Tourism Development
"Introduction of the National Minimum Pension (Guarantee) Bill, 2011. ",9/8/2012,Dubey Shri Nishikant ,"Pension Schemes,Unorganised Sector"
"Introduction of the Constitution (Amendment) Bill, 2011(Amendment of the Eighth Schedule). ",9/8/2012,Kumar Shri Ajay,"Language Promotion,Bhojpuri"
"Introduction of the Health Insurance (For Persons Living<span style=""mso-spacerun: yes"">  </span>Below Poverty Line) Bill, 2011. ",9/8/2012,Kumar Shri Ajay,
"Introduction of the</span><b style=''mso-bidi-font-weight:normal''><span style=''font-size:13.0pt; font-family:AryanUnicode''> </span></b><span style=''font-size:13.0pt;font-family: AryanUnicode;mso-bidi-font-weight:bold''>Environment Protection (Amendment) Bill, 2011 (Insertion of New Chapter III A). ",9/8/2012,Patil Shri A.T. Nana,Environmental Pollution
"Introduction of the Consumer Protection (Amendment) Bill, 2012 (Amendment of Section 16). ",9/8/2012,Lagadapati Shri Rajagopal,Consumer Courts
"Introduction of the</span><b style=''mso-bidi-font-weight:normal''><span style=''font-size: 13.0pt;font-family:AryanUnicode''> </span></b><span lang=EN-GB style=''font-size: 13.0pt;font-family:AryanUnicode;mso-ansi-language:EN-GB;mso-bidi-font-weight: bold''>Constitution (Amendment) Bill, 2012 (Amendment of Articles 85<span style=""mso-spacerun: yes"">  </span>and 100). ",9/8/2012,Sushant Dr. Rajan,Parliamentary Quorum
"Introduction of the Food Safety and Standards (Amendment) Bill, 2012 (Insertion of New Sections 59A And 59B). ",9/8/2012,Chauhan Shri Mahendrasinh P.,"Adulteration,Milk Products,Punishments"
"Introduction of the Rural Labour Welfare Fund Bill, 2012. ",9/8/2012,Chauhan Shri Mahendrasinh P.,"Unorganized Labour,Agricultural Labourers,Welfare Measures"
"Introduction of the Constitution (Scheduled Castes) Order (Amendment) Bill, 2012 (Amendment of the Schedule). ",9/8/2012,Kumar Shri Ajay,"Reservation Policy,Tribal Welfare"
"Introduction of the National Highways (Amendment) Bill, 2012 (Substitution of new section for section 5). ",9/8/2012,Chauhan Shri Mahendrasinh P.,"Maintenance and Repair,Road Accidents,Road Development"
"Introduction of the Glorification of Alcoholic Beverages in Motion Pictures (Prohibition) Bill, 2012. ",9/8/2012,Chauhan Shri Mahendrasinh P.,
"Introduction of the Petrol Pump Workers (Welfare) Bill, 2012. ",9/8/2012,Chowdhury Shri Adhir Ranjan,"Minimum Wage,Welfare Measures"
"Introduction of the Central Universities (Amendment) Bill, 2012 (Amendment of Section 3). ",9/8/2012,Yadav Shri Ranjan Prasad,"Higher Education,Infrastructure Development"
"Introduction of the Lakshadweep Fishermen (Welfare) Bill, 2012. ",9/8/2012,Sayeed Muhammed Hamdulla A. B. ,"Compensations,Fishermen Welfare"
"Introduction of the Constitution (Scheduled Tribes) Order (Amendment) Bill, 2011 (Amendment of the Schedule). ",9/8/2012,Patil Shri A.T. Nana,
"Further discussion on the motion for consideration of the Ban on Witchcraft Bill, 2011, moved by Shri Om Prakash Yadav on 27th April, 2012 (Discussion not concluded). ",9/8/2012,"Yadav Shri Om Prakash,Meghwal Shri Arjun Ram ,Ola Shri Sheesh Ram,Kumar Shri Shailendra,Singh Shri Vijay Bahadur,Pal Shri Jagdambika,Satpathy Shri Tathagata,Semmalai Shri S. ,Yadav Shri Hukamdeo Narayan,Chowdhury Shri Adhir Ranjan,Chauhan Shri Mahendrasinh P.,Pandey Shri Gorakh Nath,Virendra Kumar Shri ,Solanki Dr. Kirit Premjibhai,Maharaj Shri Satpal","Advertisements,Atrocities,Civilization,Education,Exploitation,Religion,Superstition,Tribal Areas,Violence,TV Channels,Rituals,Spirituality,Tantra-Mantra"
"Introduction of the HIV/AIDS Bill, 2012. ",9/8/2012,Solanki Dr. Kirit Premjibhai,
"Introduction of the Prohibition of Human Trafficking of Indian Citizens Abroad and Welfare of Overseas Indians Bill, 2012. ",9/8/2012,Patel Smt. Jayshreeben,
"Introduction of the<span style=""mso-spacerun: yes"">  </span>Government of Union Territory of Andaman and Nicobar Islands Bill, 2012. ",9/8/2012,Ray Shri Bishnu Pada,
"Introduction of the Persons Living in Coastal Zone (Rehabilitation and Welfare) Bill, 2011. ",27-04-2012,Naik Dr. Sanjeev Ganesh,"Coastal Areas,Welfare Measures"
"Introduction of the Phased Incorporation of Cash Transfers in Public Distribution System Bill, 2011. ",27-04-2012,Panda Shri Baijayant,
"Introduction of the Constitution (Schduled Tribes) Order (Amendment) Bill, 2011<i style=''mso-bidi-font-style:normal''> (Amendment of Part II)</i>. ",27-04-2012,Chakravarty Smt. Bijoya,SCs & STs lists
"Introduction of the Constitution (Scheduled Tribes) Order (Amendment) Bill, 2011<i style=''mso-bidi-font-style:normal''> (Amendment of the Schedule)</i>. ",27-04-2012,Anandan Shri M.,SCs & STs lists
"Introduction of the Constitution (Amendment) Bill, 2011 (Insertion of New Article 24A). ",27-04-2012,Maharaj Shri Satpal,"Corruption,Services"
"Introduction of the National Commission for Horticulture Development Bill, 2011. ",27-04-2012,Pal Shri Jagdambika,
"Introduction of the <span style=''mso-bidi-font-weight: bold''>Pre-Examination Coaching Centres Regulatory Authority Bill, 2011. ",27-04-2012,Pal Shri Jagdambika,Coaching Institutes
"Introduction of the Code of Criminal Procedure (Amendment) Bill, 2012 (Amendment of Section 164A). ",27-04-2012,Mahajan Smt. Sumitra,
"Introduction of the Backward Areas Development Board Bill,2011. ",27-04-2012,Pal Shri Jagdambika,
"Introduction of the Slums and Jhuggi Jhopri Areas Clearance Bill, 2011. ",27-04-2012,Yadav Shri Om Prakash,
"Introduction of the Prevention of Influx of Foreign Nationals into the Country Bill, 2011. ",27-04-2012,Chakravarty Smt. Bijoya,
"Introduction of the Constitution (Amendment) Bill, 2011(Amendment of Articles 85 and 174). ",27-04-2012,Maharaj Shri Satpal,
"Introduction of the Constitution (Amendment) Bill, 2011 (Insertion of New Article 30A). ",27-04-2012,Maharaj Shri Satpal,"Drinking Water,Sanitation"
"Introduction of the Overseas Workers (Management and Welfare) Bill, 2011. ",27-04-2012,Thomas Shri P. T.,"Wages,Welfare Schemes"
"Introduction of the Constitution (Amendment) Bill, 2011 (Amendment of Article 370). ",27-04-2012,Ahir Shri Hansraj Gangaram,Jammu & Kashmir
"Introduction of the Compulsory Sports Education in Schools Bill, 2011. ",27-04-2012,Ahir Shri Hansraj Gangaram,"Child Development,Sports Promotion"
"Introduction of the Constitution (Amendment) Bill, 2012 (Amendment of the Seventh Schedule). ",27-04-2012,Ahir Shri Hansraj Gangaram,"Agricultural Sector,Irrigation Facilities"
"Introduction of the Mentally Retarded Children (Welfare) Bill, 2012. ",27-04-2012,Ahir Shri Hansraj Gangaram,"Health Services,Mental Retardation,Schools"
"Introduction of the Fishermen (Welfare) Bill, 2011. ",27-04-2012,Chowdhury Shri Adhir Ranjan,"Health Care,Welfare Measures"
"Introduction of the Central Universities (Amendment) Bill, 2011 (Insertion of New Section 3B, etc.). ",27-04-2012,Bajwa Shri Partap Singh,Higher Education
"Introduction of the Mahatma Gandhi National Rural Employement Guarantee (Amendment) Bill, 2011 (Insertion of section 6, etc.). ",27-04-2012,Semmalai Shri S. ,"Wages,Agricultural Labourers,Mahatma Gandhi National Rural Employment Guarantee Act (MNREGA)"
"Introduction of the Coconut Growers (Welfare) Bill, 2011. ",27-04-2012,Raghavan Shri M. K.,
"Introduction of the Airlines (Payment of Compensation) Bill, 2011. ",27-04-2012,Raghavan Shri M. K.,Air Accidents
"Introduction of the Health Insurance Scheme Bill, 2011. ",27-04-2012,Raghavan Shri M. K.,"Health Facilities,Medical Treatment"
"Introduction of Prohibition of Extravagant Expenditure on Marriages Bill, 2011. ",27-04-2012,Chauhan Shri Mahendrasinh P.,
"Introduction of the Indian Penal Code (Amendment) Bill, 2011(Omission of Section 124 A). ",27-04-2012,Meghwal Shri Arjun Ram ,
"Introduction of the Handloom Weavers (Welfare) Bill, 2011.",27-04-2012,Punia Shri P.L. ,"Handloom Promotion,Handloom Workers"
"Introduction of the Right</span><span lang=EN-GB style=''font-size:13.0pt;font-family:AryanUnicode;mso-ansi-language: EN-GB''> to Information (Amendment) Bill, 2012 (Amendment of Section 2, etc.).",27-04-2012,Chaudhary Shri Jayant,"Public Utilities,Public Private Partnership (PPP)"
"Introduction of the Constitution</span><span style=''font-size:13.0pt;font-family:AryanUnicode; mso-bidi-font-family:Symbol''> (Amendment) Bill, 2012 (Amendment of Article 171). ",27-04-2012,Singh Dr. Raghuvansh Prasad,"Legislative Council,Teachers,Voting Rights"
"Introduction of the Constitution (Scheduled Tribes) Order (Amendment) Bill, 2012 (Amendment of the Schedule). ",27-04-2012,Singh Dr. Raghuvansh Prasad,Tribal Welfare
"Introduction of the Citizenship (Amendment) Bill, 2012 (Amendment of Section 5). ",27-04-2012,Purkayastha Shri Kabindra,
"Introduction of the </span><span style=''font-size:13.0pt;mso-bidi-font-size:14.0pt;font-family:AryanUnicode; mso-bidi-font-weight:bold''>Compulsory Imparting Of Moral Education in Educational Institutions Bill, 2012. ",27-04-2012,Chauhan Shri Mahendrasinh P.,Educational Systems
"Introduction of the </span><span style=''font-size:14.0pt;font-family:AryanUnicode''>Incest Offences Bill, 2012. ",27-04-2012,Chauhan Shri Mahendrasinh P.,Punishments
"Introduction of the Women and Girl Child (Prevention of Atrocities) Bill, 2012. ",27-04-2012,Chauhan Shri Mahendrasinh P.,"Sexual Harassment,Punishments"
"Introduction of the Hindu Marriage (Amendment) Bill, 2012 (Amendment of Section 13). ",27-04-2012,Tewari Shri Manish,"Divorce,Imprisonment"
"Introduction of the</span><span style=''mso-bidi-font-size:13.0pt;font-family: AryanUnicode''> </span><span style=''font-family:AryanUnicode;font-weight:normal''>Compulsory Medical Preparedness in Schools Bill, 2012. ",27-04-2012,Solanki Dr. Kirit Premjibhai,"Emergency,Medical Facilities,Students"
"Introduction of the Prohibition of Indecent Advertisements Bill, 2012. ",27-04-2012,Solanki Dr. Kirit Premjibhai,"Advertising,Obscene Materials"
"Introduction of the Prohibition on Use of Coercive Methods for Recovery of Bank Loans Bill, 2012. ",27-04-2012,Solanki Dr. Kirit Premjibhai,Loan Recovery
"Introduction of the Constitution (Amendment) Bill, 2012 (Amendment of Article 85). ",27-04-2012,Hooda Shri Deepender Singh,
"Introduction of the Computer Training Centres (Regulation) Bill, 2012. ",27-04-2012,Chowdhury Shri Adhir Ranjan,
"Introduction of the Constitution (Amendment) Bill, 2012 <i style=''mso-bidi-font-style:normal''>(Insertion of New Article 371CA). </i>",27-04-2012,Meinya Dr. Thokchom,"Ethnic Groups,Manipur"
"Introduction of the Constitution Amendment Bill, 2012 (Insertion of New Article 22A). ",27-04-2012,Singh Shri Bhola,"Child Development,Childhood"
"Introduction of the Rural Electrification Bill, 2012. ",27-04-2012,Singh Shri Bhola,"Agricultural Sector,Power Shortage"
"Introduction of the Provision of Free Medical and Engineering Education to Meritorious Students Bill, 2012. ",27-04-2012,Deka Shri Ramen,
"Introduction of the Salt Workers Welfare Bill, 2012. ",27-04-2012,Punia Shri P.L. ,"Facilities,Poverty,Welfare Measures"
"Introduction of the </span><span style=''font-family:AryanUnicode''>Establishment of Permanent Benches of High Courts at State Capitals Bill, 2012. ",27-04-2012,Tharoor Shri Shashi,Court Benches
"Introduction of the Fishermen (Welfare) Bill, 2012. ",27-04-2012,Kodikunnil Shri Suresh,"Compensations,Fishermen Welfare"
"Introduction of the Economically Weaker Class Corporation Bill, 2012. ",27-04-2012,Kodikunnil Shri Suresh,"Economic Backwardness,Welfare Measures"
"Introduction of the </span><span style=''font-family:AryanUnicode''>Commercial Crops Workers (Welfare) Bill, 2012. ",27-04-2012,Kodikunnil Shri Suresh,
"Introduction of the </span><span style=''font-family:AryanUnicode''>Scheduled Castes Hamlets (Provision of Basic Facilities) Bill, 2012. ",27-04-2012,Kodikunnil Shri Suresh,"Living Conditions,Basic Amenities"
"Introduction of the Indian Penal Code (Amendment) Bill, 2012 (Amendment of section 377). ",27-04-2012,Meghwal Shri Arjun Ram ,Sexual Behaviour
"Introduction of the Pre-Conception and Pre-Natal Diagnostic Techniques (Prohibition of Sex Selection) Amendment Bill, 2012 (Insertion of New Section 16B, etc.). ",27-04-2012,Meghwal Shri Arjun Ram ,"Sex Determination Test,Foeticide"
"Withdrawn of the Right to Information (Amendment) Bill, 2011 (Amendment of Section 6 to 8). ",27-04-2012,Wakchaure Shri Bhausaheb Rajaram,
"Withdrawn of the </span><span style=''font-size:13.0pt;mso-bidi-font-size:12.0pt;font-family:AryanUnicode''>University of Patna Bill, 2011. ",27-04-2012,Singh Shri Bhola,
"Further discussion on the motion for consideration of the Constitution (Amendment) Bill, 2010 (Amendment of the Eighth Schedule) moved by Shri Satpal Maharaj on the 19th August, 2011 (Bill Withdrawn). ",27-04-2012,"Jindal Shri Naveen,Meghwal Shri Arjun Ram ,Singh Dr. Raghuvansh Prasad,Agarwal Shri Jai Prakash,Semmalai Shri S. ,Hooda Shri Deepender Singh,Jakhar Shri Badri Ram ,Pal Shri Jagdambika,Mishra Shri Mahabal ,Kishor Shri Kamal ,Singh Shri Jitendra,Maharaj Shri Satpal","Hindi Language,Language Promotion,Literature,Official Languages,Regional Languages,Rajasthani Language,Eighth Schedule,Bhojpuri,Mother Language"
"Discussion on the motion for consideration of the Ban on Witchcraft Bill, 2010 (Discussion not concluded). ",27-04-2012,Yadav Shri Om Prakash,
"Introduction of the Girls (Free and Compulsory) Education Bill, 2010. ",2/9/2011,Sule Supriya ,
"Introduction of the Constitution (Amendment) Bill, 2011 (Insertion of New Articles 21B, 21C and 21D). ",2/9/2011,Patil Smt. C. R. ,"Drinking Water,Employment,Houses"
"Introduction of the Code of Criminal Procedure (Amendment) Bill, 2011 (Amendment of section 126). ",2/9/2011,Tewari Shri Manish,
"Introduction of the Mega Projects (Timely Completion) Bill, 2011. ",2/9/2011,Punia Shri P.L. ,Project Delays
"Introduction of the Special Financial Assistance to the State of Gujarat Bill, 2011. ",2/9/2011,Patil Smt. C. R. ,"Central Assistance,Girl Child,Sex Ratio,Scheme Implementation"
"Introduction of the Eradication of Malnutrition Bill, 2011. ",2/9/2011,Das Shri Bhakta Charan,"Child Development,Nutrition Policy"
"Introduction of the </span><span style=''font-size:13.0pt;font-family:AryanUnicode;mso-bidi-font-weight:bold''>Safai Karamcharis Insurance Scheme Bill, 2011. ",2/9/2011,Meghwal Shri Arjun Ram ,"Minimum Wage,Social Security"
"Introduction of the Maintenance and Welfare of Parents and Senior Citizens (Amendment) Bill, 2011 (Substitution of new Chapter for Chapter IV). ",2/9/2011,Chauhan Shri Mahendrasinh P.,"Allowances,Welfare Measures"
"Introduction of the Farmers (Protection from Natural Calamities and Other Welfare Measures) Bill, 2011. ",2/9/2011,Chauhan Shri Mahendrasinh P.,"Social Security,Compensations"
"Introduction of the Protection of Civil Rights (Amendment) Bill, 2011 (Amendment of section 3, etc.). ",2/9/2011,Jena Shri Mohan,"Temples,Scheduled Castes (SCs),Punishments"
"Introduction of the Prevention of Cruelty to Animals (Amendment) Bill, 2011 (Omission of section 28). ",2/9/2011,Jena Shri Mohan,"Animal Protection,Religion"
"Introduction of the Indian Penal Code (Amendment) Bill, 2011 (Insertion of new section 376E). ",2/9/2011,Raghavan Shri M. K.,"Rape,Death Sentence"
"Introduction of the Persons with Disabilities (Equal Opportunities and Protection of Rights and Full Participation) Amendment Bill, 2011(Amendment of section 26, etc.). ",2/9/2011,Raghavan Shri M. K.,"Physically Handicapped,Welfare Measures"
"Introduction of the </span><span lang=EN-GB style=''font-size:13.0pt;font-family:AryanUnicode;mso-ansi-language:EN-GB; mso-bidi-font-weight:bold''>Agricultural Workers Welfare Bill, 2011. ",2/9/2011,Wakchaure Shri Bhausaheb Rajaram,"Agricultural Labourers,Welfare Measures"
"Introduction of the Right to Information (Amendment) Bill, 2011 (Amendment of sections 6 to 8). ",2/9/2011,Wakchaure Shri Bhausaheb Rajaram,
"Introduction of the</span><span style=''font-family:AryanUnicode; mso-bidi-font-weight:normal''> </span><span lang=EN-GB style=''font-family:AryanUnicode; mso-ansi-language:EN-GB;font-weight:normal''>Beedi Workers Welfare Bill, 2011. ",2/9/2011,Wakchaure Shri Bhausaheb Rajaram,"Beedi Industry,Social Security,Welfare Measures"
"Introduction of the Displaced Persons Welfare Bill, 2011. ",2/9/2011,Semmalai Shri S. ,"Employment Opportunities,Rehabilitation,Land Compensation"
"Introduction of the Mahatma Gandhi National Rural Employment Guarantee (Amendment) Bill, 2011 (Amendment of Schedule II). ",2/9/2011,Semmalai Shri S. ,"Agricultural Labourers,Mahatma Gandhi National Rural Employment Guarantee Act (MNREGA)"
"Further discussion on the motion for consideration of the Constitution (Amendment) Bill, 2010 (Amendment of the Eighth Schedule) moved by Shri Satpal Maharaj on the 19th August, 2011. ",2/9/2011,"Maharaj Shri Satpal,Yadav Shri Hukamdeo Narayan,Kumar Shri Shailendra,Pandey Shri Gorakh Nath,Mandal Shri Mangani Lal,Mahtab Shri Bhartruhari,Chowdhury Shri Adhir Ranjan,Hussain Shri Syed Shahnawaz,Singh Baba Shri K.C.","Dialects,Language Promotion,Official Languages,Eighth Schedule,Mother Language"
"Introduction of the Commission for Imparting Science, Engineering and Medical Sciences Education in Indian Languages Bill, 2011. ",19-08-2011,Ahir Shri Hansraj Gangaram,Educational Systems
"Introduction of the Cow Protection Authority Bill, 2011. ",19-08-2011,Ahir Shri Hansraj Gangaram,"Animal Protection,Cow slaughter"
"Introduction of the Constitution (Scheduled Tribes) Order (Amendment) Bill, 2011 (Amendment of the Schedule). ",19-08-2011,Ahir Shri Hansraj Gangaram,
"Introduction of the Gutka and Pan Masala (Prohibition) Bill, 2011. ",19-08-2011,Solanki Dr. Kirit Premjibhai,"Banning,Health Hazards"
"Introduction of the Constitution (Amendment) Bill, 2011(Amendment of the Article 72). ",19-08-2011,Solanki Dr. Kirit Premjibhai,Mercy Petition
"Introduction of the Compulsory Military Training Bill, 2011. ",19-08-2011,Chowdhury Shri Adhir Ranjan,Self Defence
"Introduction of the Nationalisation of Inter-State Rivers Bill, 2011. ",19-08-2011,Chowdhury Shri Adhir Ranjan,"Water Utilization,Water Sharing"
"Introduction of the Special Educational Facilities (For Children of Parents Living Below Poverty Line) Bill, 2011. ",19-08-2011,Meghwal Shri Arjun Ram ,"Educational Facilities,Illiteracy,Poor"
"Introduction of the University of Patna Bill, 2011. ",19-08-2011,Singh Shri Bhola,"Central Universities,Financial Aid"
"Introduction of the Government Services (Regulation of Compassionate Appointments) Bill, 2011. ",19-08-2011,Patil Shri A.T. Nana,
"Introduction of the Television Programmes (Regulation) Bill, 2011. ",19-08-2011,Patil Shri A.T. Nana,"Obscene Materials,Monitoring Mechanism"
"Introduction of the Constitution (Amendment) Bill, 2011 (Insertion of new article 16A, etc.). ",19-08-2011,Punia Shri P.L. ,"Reservation Policy,SCs and STs welfare"
"Introduction of the Scheduled Castes and The Scheduled Tribes (Reservation in Posts and Services) Bill, 2011. ",19-08-2011,Meghwal Shri Arjun Ram ,"Reservation Policy,SC & ST Welfare,Appointment"
"Further discussion on the motion for consideration of the Constitution (Amendment) Bill, 2009 (Insertion of new articles 275 A and 371J) moved by Prof. Ranjan Prasad Yadav on the 11th March, 2011. ",19-08-2011,"Roy Shri Arjun,Singh Dr. Raghuvansh Prasad,Mandal Shri Mangani Lal,Singh Shri Jagada Nand,Singh Shri Mahabali,Choudhary Shri Bhudeo,Hassan Dr. Monazir ,Singh Chaudhary Lal,Meena Shri Namo Narain,Yadav Shri Ranjan Prasad,Meena Shri Namo Narain","Agro-industry,Central Universities,Drought,Education,Educational Institutions,Financial Aid,Flood Damage,Industrial Development,Investments,Irrigation Development,Medical Colleges,Medical Facilities,Natural Calamities,Regional Disparity,Road Construction,Soil Erosion,Subsidies,Central Assistance,Infrastructure Development,Electricity Shortage,Prime Minister Gram Sadak Yojana (PMGSY),Economic Backwardness,Foodgrains,Below Poverty Line"
"Discussion on the motion for consideration of the Constitution (Amendment) Bill, 2010 (Amendment of the Eighth Schedule). ",19-08-2011,Maharaj Shri Satpal,Language Promotion
"Introduction of the Land Acquisition Bill, 2011. ",5/8/2011,Chaudhary Shri Jayant,"Compensations,Agricultural Land"
"Introduction of the Abolition of Capital Punishment Bill, 2011. ",5/8/2011,Tamta Shri Pradeep,
"Introduction of the Government Servants (Declaration of Assets and Investigation) Bill, 2011. ",5/8/2011,Tamta Shri Pradeep,"Government Employees,Corruption"
"Introduction of the Intelligence Services (Powers and Regulation) Bill, 2011. ",5/8/2011,Tewari Shri Manish,"Ombudsman,Privacy Protection,Internal Security"
"Introduction of the Constitution (Amendment) Bill , 2011 (Amendment of Articles 15 And 16). ",5/8/2011,Semmalai Shri S. ,Reservation Policy
"Introduction of the Indian Penal Code (Amendment) Bill, 2011 (Insertion of New Sections 302A and 364B). ",5/8/2011,Swaraj Smt. Sushma,"Violence,Punishments"
"Introduction of the Constitution (Amendment) Bill, 2011 (Insertion of New Articles 16A and 29A). ",5/8/2011,Dubey Shri Nishikant ,"Economically Backward,Reservation"
"Further discussion on the motion for consideration of the </span><span lang=EN-GB style=''font-size:13.0pt;font-family:AryanUnicode;mso-ansi-language: EN-GB;mso-bidi-font-weight:bold''>Constitution (Amendment) Bill, 2009 (Insertion of New Articles 275A and 371J) moved by Prof. Ranjan Prasad Yadav on the 11th March, 2011 (Discussion not concluded).",5/8/2011,"Yadav Shri Ranjan Prasad,Chowdhury Shri Adhir Ranjan,Yadav Shri Hukamdeo Narayan,Kumar Shri Shailendra,Rajbhar Shri Ramashankar,Mahtab Shri Bhartruhari,Semmalai Shri S. ,Kumar Shri Vishwa Mohan,Meghwal Shri Arjun Ram ,Anuragi Shri Ghansyam ,Chauhan Shri Dara Singh","Bihar,Drought,Economic Development,Employment Opportunities,Financial Aid,Floods,Irrigation Development,Power Generation,Regional Imbalances,Compensations,Poverty Alleviation,Infrastructure Development"
"Introduction of the </span><span style=''font-size:13.0pt;font-family:AryanUnicode;mso-bidi-font-weight: bold''><span style=""mso-spacerun: yes""> </span>Constitution (Amendment) Bill, 2010 </span><span style=''font-size:13.0pt;font-family:AryanUnicode''>(Amendment of article 51A). ",11/3/2011,Pandey Saroj,"Elections,Voting"
"Introduction of the Constitution (Amendment) Bill, 2010 (Amendment of articles 84 and<span style=""mso-spacerun: yes"">  </span>173). ",11/3/2011,Pandey Saroj,Elections
"Introduction of the Sculptors, Artists and Artisans of Rural Areas Welfare Bill, 2010. ",11/3/2011,Ahir Shri Hansraj Gangaram,"Financial Aid,Social Security"
"Introduction of the Constitution (Scheduled Tribes) Order (Amendment) Bill, 2010 (Amendment of the Schedule). ",11/3/2011,Ahir Shri Hansraj Gangaram,
"Introduction of the Mahatma Gandhi National Rural Employment Guarantee (Amendment ) Bill, 2010 (Amendment of Section 2, etc.). ",11/3/2011,Ahir Shri Hansraj Gangaram,"Rural Areas,Employment Generation"
"Introduction of the Constitution (Scheduled Castes) Order (Amendment) Bill, 2010 (Amendment of the Schedule). ",11/3/2011,Ahir Shri Hansraj Gangaram,SCs List
"Introduction of the <span style=''mso-bidi-font-weight: bold''>Empowerment of Women Bill, 2010. ",11/3/2011,Pandey Saroj,"Women Welfare,Women Empowerment"
"Introduction of the National Agricultural Produce Price Commission Bill, 2011. ",11/3/2011,Shetti Shri Raju,"Agricultural Sector,Minimum Support Prices (MSP)"
"Introduction of the Representation of the People (Amendment) Bill, 2011 (Amendment of section 7, etc.). ",11/3/2011,Lagadapati Shri Rajagopal,"Agitation,Dharna"
"Introduction of the Constitution (Amendment) Bill, 2011 (Amendment of articles 124 and 216). ",11/3/2011,Meghwal Shri Arjun Ram ,"Reservation Policy,SCs and STs welfare"
"Introduction of the </span><span lang=EN-GB style=''font-size:13.0pt;font-family: AryanUnicode;mso-ansi-language:EN-GB;mso-bidi-font-weight:bold''>Constitution (Amendment) Bill, 2011 (Insertion of new article 330A, etc.). ",11/3/2011,Meghwal Shri Arjun Ram ,"Legislative Council,Reservation,SCs and STs welfare"
"Introduction of the </span><span lang=EN-GB style=''font-size:13.0pt; font-family:AryanUnicode;mso-ansi-language:EN-GB''>National Commission for Youth Bill, 2011 . ",11/3/2011,Chowdhury Shri Adhir Ranjan,
"Further discussion on the motion for consideration of the Illegal Immigrants and Overstaying <span style=''mso-bidi-font-weight:bold''>Foreign Nationals (Identification<span style=""mso-spacerun: yes"">  </span>and Deportation) Bill, 2009, moved by Shri Baijayant Panda on 25th February, 2011 (Bill Withdrawn). ",11/3/2011,"Panda Shri Baijayant,Kumar Shri Shailendra,Dubey Shri Nishikant ,Chowdhury Shri Adhir Ranjan,Singh Shri Vijay Bahadur,Mahtab Shri Bhartruhari,Yadav Shri Hukamdeo Narayan,Agarwal Shri Jai Prakash,Meghwal Shri Arjun Ram ,Meinya Dr. Thokchom,Mullappally Shri Ramachandran,Panda Shri Baijayant","Economic Crisis,Elections,Foreigners,Immigration,Infiltration,Political Aspects,Smuggling,Visa,Border Areas,Internal Security,Non-Governmental Organisations (NGO),Border Security Force (BSF),Anti Social Elements,Tribunal,Unity & Integrity,Basic Amenities,Naxalism,Immigration Control,Human Trafficking,Unique Identification Number(UIN)"
"Discussion on the motion for consideration of the Constitution (Amendment) Bill<b style=''mso-bidi-font-weight:normal''>, </b>2009 (Insertion of New articles 275A and 371J) (Speech Unfinished and Discussion not Concluded).",11/3/2011,Yadav Shri Ranjan Prasad,
"Introduction of the Banking Laws (Amendment) Bill, 2010. ",25-02-2011,Owaisi Shri Asaduddin,Banking Systems
"Introduction of the High Court at Allahabad (Establishment of a Permanent Bench at Gorakhpur) Bill, 2010. ",25-02-2011,"Adityanath Shri Yogi,Singh Kunwar Rewati Raman,Kumar Shri Shailendra,Singh Shri Vijay Bahadur,Pal Shri Jagdambika,Adityanath Shri Yogi",Court Benches
"Introduction of the Commissions of Inquiry (Amendment) Bill, 2010<span style=""mso-spacerun: yes"">  </span>(Amendment of section 3). ",25-02-2011,Solanki Dr. Kirit Premjibhai,
"Introduction of the Scheduled Tribes and Other Traditional Forest Dwellers (Recognition of Forest Rights) Amendment Bill, 2010<span style=""mso-spacerun: yes"">  </span>(Amendment of section 2). ",25-02-2011,Lagadapati Shri Rajagopal,Tribal Areas
"Introduction of the Commission of Sati (Prevention) Amendment Bill, 2010 (Amendment of section 2, etc.). ",25-02-2011,Lagadapati Shri Rajagopal,Widows
"Introduction of the Securitisation and Reconstruction of Financial Assets and Enforcement of Security Interest Amendment Bill, 2010<span style=""mso-spacerun: yes"">  </span>(Amendment of section 14). ",25-02-2011,Thomas Shri P. T.,"Agricultural Land,Loan Recovery"
"Introduction of Cow (Protection) Bill, 2010. ",25-02-2011,Khaire Shri Chandrakant Bhaurao,Cow slaughter
"Introduction of the Agricultural Workers Welfare Bill, 2010. ",25-02-2011,Patil Shri A.T. Nana,"Unorganised Sector,Welfare Measures"
"Introduction of the Railways (Amendment) Bill, 2010 (Insertion of new chapter XIIIA). ",25-02-2011,Patil Shri A.T. Nana,"Compensations,Insurance Schemes,Railway Accidents"
"Introduction of the Commission for fixation of prices of Essential Commodities Bill, 2010. ",25-02-2011,Singh Dr. Raghuvansh Prasad,"Price Control,Retail Price"
"Introduction of the Technical Educational Institutions, Medical Educational Institutions and Universities (Regulation of Fee) Bill, 2010. ",25-02-2011,Thomas Shri P. T.,"Capitation Fee,Higher Education,Fee Hike"
"Introduction of the Post-Polio Syndrome (Education, Training and Awareness) Bill, 2010. ",25-02-2011,Shukla Shri Balkrishna Khanderao,"Self-help Groups,Awareness Programme"
"Introduction of the Constitution (Scheduled Castes) Order (Amendment) Bill, 2010 (Amendment of the schedule) .",25-02-2011,Thomas Shri P. T.,
"Introduction of the Representation of the People (Amendment) Bill, 2010 (Insertion of new section 29AA). ",25-02-2011,Agarwal Shri Jai Prakash,Political Parties
"Introduction of the Provision of Social Security to Senior Citizens Bill, 2010. ",25-02-2011,Agarwal Shri Jai Prakash,
"Introduction of the Constitution (Amendment) Bill, 2010 (Amendment of article 19). ",25-02-2011,Agarwal Shri Jai Prakash,"Secularism,Religious Fundamentalism"
"Introduction of Indian Penal Code (Amendment) Bill, 2010 (Amendment of section 304A, etc.). ",25-02-2011,Chowdhury Shri Adhir Ranjan,"Alcohol,Road Accidents,Punishments"
"Introduction of the Treatment of Attempt to Suicide as a Non-Punishable Offence Bill, 2010. ",25-02-2011,Chowdhury Shri Adhir Ranjan,
"Introduction of the Closed Textile Mills Workers (Welfare and Rehabilitation) Bill, 2010 ",25-02-2011,Solanki Dr. Kirit Premjibhai,"Financial Aid,Social Security,Textile Industry,Unemployment"
"Introduction of the Banana Growers (Protection and Welfare) Bill, 2010. ",25-02-2011,Patil Shri A.T. Nana,"Cold Storage,Remunerative Prices,Insurance Schemes"
"Introduction of the National Flood Control and Rehabilitation Authority Bill, 2010. ",25-02-2011,Patil Shri A.T. Nana,
"Introduction of the Coffee Growers Welfare Bill, 2010. ",25-02-2011,Chowdhury Shri Adhir Ranjan,"Compensations,Welfare Measures"
"Introduction of the</span><span lang=EN-GB style=''font-size:13.0pt;font-family:AryanUnicode;mso-ansi-language: EN-GB;mso-bidi-font-weight:bold''> Eradication of Unemployment amongst the Youth Belonging to the Scheduled Castes and the Scheduled Tribes Bill, 2010. ",25-02-2011,Solanki Dr. Kirit Premjibhai,SCs and STs welfare
"Introduction of the Constitution (Amendment) Bill, 2010 (Insertion of new Part IIIA, etc.).",25-02-2011,Tewari Shri Manish,
"Introduction of the Food Safety and Standards (Amendment) Bill, 2011 (Insertion of New Section 19A). ",25-02-2011,Jawale Shri Haribhau Madhav,"Food Quality,Artificial Ripening"
"Introduction of the Prohibition on Religious Conversion Bill, 2011. ",25-02-2011,Chakravarty Smt. Bijoya,
"Introduction of the Public Employment (Recruitment) Bill, 2011. ",25-02-2011,Chakravarty Smt. Bijoya,"Advertisements,Employment Exchanges"
"Further discussion on the motion for consideration of the Child Welfare Bill, 2009 moved by Shri Adhir Ranjan Chowdhury on the 13th August, 2010 (Discussion Concluded and Bill Withdrawn).",25-02-2011,"Semmalai Shri S. ,Meghwal Shri Arjun Ram ,Pal Shri Jagdambika,Rajbhar Shri Ramashankar,Chauhan Shri Mahendrasinh P.,Tirath Smt. Krishna,Chowdhury Shri Adhir Ranjan","Child Labour,Free Education,Juvenile Homes,Nutrition,Rehabilitation,Right to Education,Vocational Training,Foeticide,Mid-Day-Meal Scheme,Anganwadi,Non-Governmental Organisations (NGO),Hazardous Industry,Welfare Measures,Integrated Child Development Services (ICDS),Sarva Shiksha Abhiyan,Human Trafficking,Scheme Implementation"
"Discussion on the motion for consideration of the Illegal Immigrants and Overstaying Foreign Nationals (Identification and Deportation) Bill, 2009 (Discussion not concluded). ",25-02-2011,Panda Shri Baijayant,"Illegal Migration,Basic Amenities,Immigration Control"
"Introduction of the Constitution (Amendment) Bill, 2010 (Insertion of new article 30A). ",25-02-2011,Punia Shri P.L. ,"Water Management,Driniking Water"
"Introduction of the </span><span lang=EN-GB style=''font-size:13.0pt;font-family:AryanUnicode; mso-ansi-language:EN-GB;mso-bidi-font-weight:bold''><span style=""mso-spacerun: yes""> </span>Renewable Energy Resources Commission Bill, 2010. ",25-02-2011,Punia Shri P.L. ,
"Introduction of the Scheduled Castes and the Scheduled Tribes (Prevention of Atrocities) Amendment Bill, 2010 (Amendment of Section 3, etc.). ",25-02-2011,Punia Shri P.L. ,
"Introduction of the Micro Finance Institutions (Regulation of Money Lending)<span style=""mso-spacerun: yes"">  </span>Bill, 2010. ",25-02-2011,Punia Shri P.L. ,"Loans,Self-help Groups"
"Introduction of the </span><span lang=EN-GB style=''font-size: 13.0pt;font-family:AryanUnicode;mso-ansi-language:EN-GB''>High Court of Tripura Bill, 2010. ",13-08-2010,Das Shri Khagen,
"Introduction of the Flood Control Bill, 2009. ",13-08-2010,Basavaraj Shri Gangasandra Siddappa,Flood Damage
"Introduction of the </span><span lang=EN-GB style=''font-size:13.0pt;font-family:AryanUnicode;mso-ansi-language: EN-GB''>Sculptors, Artists and Aritsans of Rural Areas Welfare Bill, 2009. ",13-08-2010,Basavaraj Shri Gangasandra Siddappa,"Financial Aid,Social Security"
"Introduction of the Constitution (Amendment) Bill, 2010 (Insertion of new article 16A). ",13-08-2010,Naik Dr. Sanjeev Ganesh,"Employment Opportunities,Fundamental Rights,Unemployment Allowance,Below Poverty Line"
"Introduction of the Representation of the People (Amendment) Bill, 2010 (Insertion of new section 29AA). ",13-08-2010,Agarwal Shri Jai Prakash,
"Introduction of the Constitution (Amendment) Bill, 2010 (Amendment of Eighth Schedule). ",13-08-2010,Agarwal Shri Jai Prakash,"Language Promotion,Rajasthani Language,Bhojpuri"
"Introduction of the </span><span style=''font-size:13.0pt;font-family:AryanUnicode''>Constitution (Amendment) Bill</span><span lang=EN-GB style=''font-size:13.0pt;font-family: AryanUnicode;mso-ansi-language:EN-GB''>, 2010 </span><span style=''font-size: 13.0pt;font-family:AryanUnicode''>(Substitution of new article for article 48A). ",13-08-2010,Agarwal Shri Jai Prakash,"Environmental Pollution,Environmental Protection"
"Introduction of the Constitution (Scheduled Castes) Order (Amendment) Bill</span><span lang=EN-GB style=''font-size:13.0pt;font-family:AryanUnicode;mso-ansi-language:EN-GB''>, 2010 <span style=''mso-bidi-font-weight:bold''>(Amendment of Schedule). ",13-08-2010,Singh Dr. Raghuvansh Prasad,"Community,Scheduled Castes (SCs)"
"Introduction of the Consumer Protection (Amendment) Bill , 2010 (Amendment of section 2, etc.). ",13-08-2010,Adsul Shri Anandrao Vithoba,
"Introduction of the Cinematograph (Amendment) Bill</span><span lang=EN-GB style=''font-size: 13.0pt;font-family:AryanUnicode;mso-ansi-language:EN-GB''>, 2010 <span style=''mso-bidi-font-weight:bold''>(Amendment of section 2, etc.). ",13-08-2010,Adsul Shri Anandrao Vithoba,"Television Programmes,TV Channels,Monitoring"
"Introduction of the </span>Constitution (Amendment) Bill, 2010 (Amendment of article 117, etc.). ",13-08-2010,Adsul Shri Anandrao Vithoba,
"Introduction of the </span><span style=''font-size:13.0pt;font-family: AryanUnicode;mso-bidi-font-weight:bold''>Palliative Care (Education and Training) Bill, 2010. ",13-08-2010,Yadav Shri Om Prakash,"Medical Systems,Medical Treatment,Training Programmes"
"Introduction of the Constitution (Amendment) Bill, 2010 (Insertion of new article 45A). ",13-08-2010,Yadav Shri Om Prakash,"Child Development,Punishments"
"Introduction of the Constitution (Amendment) Bill, 2010 (Insertion of new article 279A). ",13-08-2010,Yadav Shri Om Prakash,"Fund Allocation,Scheme Implementation"
"Introduction of the Mahatma Gandhi National Rural Employment Guarantee (Amendment) Bill, 2010<span style=""mso-spacerun: yes"">  </span>(Amendment Of Section 6). ",13-08-2010,Ahir Shri Hansraj Gangaram,Wage Rate
"Introduction of the Displaced Farmers (Rehabilitation and Other Facilities) Bill, 2010. ",13-08-2010,Ahir Shri Hansraj Gangaram,"Compensations,Farmers' Welfare"
"Introduction of the Anganwadi Worker (Regularisation of Service and other Benefits) Bill, 2010. ",13-08-2010,Ahir Shri Hansraj Gangaram,"Government Employees,Remuneration"
"Introduction of the </span>Commission for the Formation of the State of Vidarbha Bill, 2010. ",13-08-2010,Ahir Shri Hansraj Gangaram,"Economic And Social Development,Fund Allocation,State Reorganisation"
"Introduction of the </span><span style=''font-size:13.0pt;font-family: AryanUnicode''>Central Bureau of Investigation Bill, 2010. ",13-08-2010,Tewari Shri Manish,Investigation
"Introduction of the High Court at Calcutta (Establishment of a Permanent Bench at Murshidabad) Bill, 2010. ",13-08-2010,Chowdhury Shri Adhir Ranjan,Court Benches
"Introduction of the Special Financial Assistance to the State of West Bengal Bill, 2010. ",13-08-2010,Chowdhury Shri Adhir Ranjan,"Development Programmes,Financial Aid,Welfare Measures"
"Introduction of the Economically Weaker Class (Provision of Certain Facilities) Bill, 2010. ",13-08-2010,Maharaj Shri Satpal,"Basic Amenities,Below Poverty Line"
"Introduction of the Constitution (Amendment) Bill, 2010 (Amendment of the Eighth Schedule). ",13-08-2010,Maharaj Shri Satpal,Language Promotion
"Introduction of the Representation of the People (Amendment) Bill, 2010 (Insertion of new section 32A, Etc.). ",13-08-2010,Gandhi Smt. Maneka Sanjay,"Women Empowerment,Women's Reservation"
"Further discussion on the motion for consideration of the Compulsory Voting Bill, 2009 moved by Shri J.P. Aggarwal on the 4th December, 2009 (Bill Withdrawn). ",13-08-2010,"Moily Shri M. Veerappa ,Agarwal Shri Jai Prakash","Election Commission,Elections,Electoral Reforms,Electoral Rolls,Electoral Systems,Polling Stations,Compulsory Voting,Voting Rights,Fundamental Duty,Polling Booths"
"Discussion on the motion for consideration of the Child Welfare Bill, 2009 moved by Shri Adhir Ranjan Chowdhury. ",13-08-2010,"Chowdhury Shri Adhir Ranjan,Yadav Shri Hukamdeo Narayan,Kumar Shri Shailendra,Pandey Shri Gorakh Nath","Child Abuse,Child Development,Child Labour,Child Welfare,Compulsory Education,Ethics,Free Education,Fundamental Rights,Illiteracy,Infant Mortality,Juvenile Courts,Juvenile Homes,Malnutrition,Organ Transplantation,Prostitution,Teacher-student Ratio,Sexual Harassment,Mid-Day-Meal Scheme,Hazardous Industry,Basic Amenities,Reservation,Centrally Sponsored Schemes,Welfare Measures,Integrated Child Development Services (ICDS),Child Health,Human Trafficking,Millennium Development Goal,Corporal Punishment"
"Introduction of the Two Child Norm Bill, 2009. ",30-04-2010,Sule Supriya ,"Family Planning,Population Control"
"Introduction of the Compulsory Registration of Marriages Bill, 2009. ",30-04-2010,Sule Supriya ,"Child Marriage,Marriage Registration"
"Introduction of the Indian Medical Council (Amendment) Bill, 2009. ",30-04-2010,Gandhi Shri Feroze Varun,"Rural Areas,Medical Services"
"Introduction of the Prohibition on use of Caste or Religious Title Bill, 2009. ",30-04-2010,Lagadapati Shri Rajagopal,"Casteism,Religious Fundamentalism"
"Introduction of the Prevention of Insults to National Honour (Amendment) Bill, 2010 (Insertion of new section 2A). ",30-04-2010,Lagadapati Shri Rajagopal,"Statues,Mahatma Gandhi"
"Introduction of the Abolition of Child Labour Bill, 2010.<span style=""mso-spacerun: yes"">  </span>",30-04-2010,Chowdhury Shri Adhir Ranjan,"Compulsory Education,Rehabilitation,Punishments"
"Introduction of the Eradication of Unemployment Bill, 2010. ",30-04-2010,Chitthan Shri N.S.V.,"Employment Opportunities,Unemployment Allowance"
"Introduction of the</span><span lang=EN-GB style=''font-size:13.0pt;font-family:AryanUnicode;mso-ansi-language: EN-GB''> Anti-Hijacking (Amendment) Bill, 2010 (Insertion of new section 4A). ",30-04-2010,Sule Supriya ,"Hijacking,Death Sentence"
"Introduction of the Victims of Natural Calamities (Rehabilitation and Financial Assistance) Bill, 2010. ",30-04-2010,Chitthan Shri N.S.V.,Financial Aid
"Introduction of the Constitution (Amendment) Bill, 2010 (Amendments of article 85). ",30-04-2010,Meghwal Shri Arjun Ram ,Parliament Proceedings
"Introduction of the Price Control Bill, 2010. ",30-04-2010,Meghwal Shri Arjun Ram ,"Essential Commodities,Price Rise,Life Saving Drugs"
"Introduction of the Indigent Persons Welfare Bill, 2010. ",30-04-2010,Meghwal Shri Arjun Ram ,"Financial Aid,Physically Handicapped"
"Introduction of the Ban on Witchcraft Bill, 2010. ",30-04-2010,Yadav Shri Om Prakash,"Atrocities,Punishments"
"Introduction of the</span><span style=''font-size:13.0pt;font-family:AryanUnicode''> Farmers (Old Age Pension) Bill, 2010. ",30-04-2010,Thomas Shri P. T.,"Social Security,Small and Marginal Farmers,Farmers' Welfare"
"Introduction of the Indian Penal Code (Amendment) Bill, 2010 (Insertion of new section 335A). ",30-04-2010,Chowdhury Shri Adhir Ranjan,
"Introduction of the Persons Living Below Poverty Line (Identification) Bill, 2010. ",30-04-2010,Maharaj Shri Satpal,"Poor,Welfare Schemes"
"Introduction of the Voluntary Organisation (Regulation) Bill, 2010. ",30-04-2010,Tamta Shri Pradeep,"Financial Aid,Registration"
"Introduction of the Agricultural and Processed Food Products Export Development Authority (Amendment) Bill, 2010 (Amendment of section, 4, etc.). ",30-04-2010,Agarwal Shri Rajendra,"Agricultural Products,Export Promotion,Meat Products"
"Further discussion on the motion for consideration of Compulsory Voting Bill, 2009, moved by Shri J.P. Aggarwal on the 4th December, 2009 (Under Consideration). ",30-04-2010,"Meghwal Shri Arjun Ram ,Chowdhury Shri Adhir Ranjan,Kumar Shri Shailendra,Maharaj Shri Satpal,Semmalai Shri S. ,Taviad Dr. Prabha Kishore,Pandey Shri Gorakh Nath,Vinay Kumar Alias Vinnu Shri ,Pal Shri Raja Ram,Premdas Shri ,Aaron Rashid Shri J.M.,Singh Shri Vijay Bahadur,Singh Chaudhary Lal,Ajmal Shri Badruddin,Moily Shri M. Veerappa ","Democracy,Election Commission,Elections,Electoral Reforms,Photo Identity Cards,Electronic Voting Machines,Postal Ballot,Proxy Vote,Voters List,Voting Rights,Right to Vote,Awareness Programme,Fundamental Duty,Polling Booths"
"Introduction of the Central Universities (Conditions of Service of Non-Teaching Staff) Bill, 2010. ",30-04-2010,Pal Shri Jagdambika,
"Introduction of the High Court at Allahabad (Establishment of a Permanent Bench at Agra) Bill, 2009. ",5/3/2010,Ramshankar Dr. ,Court Benches
"Introduction of the Constitution (Amendment) Bill, 2009 (Amendment of article 1). ",5/3/2010,Adityanath Shri Yogi,Nomenclature
"Introduction of the Constitution (Amendment) Bill, 2009 (Insertion of new article 25A). ",5/3/2010,Adityanath Shri Yogi,Religion Conversion
"Introduction of the Forest Produce Management Board Bill, 2010. ",5/3/2010,Ahir Shri Hansraj Gangaram,
"Introduction of the Cotton Growers (Remunerative Price and Welfare) Bill, 2009. ",5/3/2010,Ahir Shri Hansraj Gangaram,"Remunerative Prices,Insurance Schemes"
"Introduction of the Forest (Conservation) Amendment Bill, 2009 (Insertion of new Section 3C). ",5/3/2010,Ahir Shri Hansraj Gangaram,"Forest Areas,Irrigation Projects"
"Introduction of the Scheduled Tribes and Other Traditional Forest Dwellers (Recognition of Forest Rights) Amendment Bill, 2009 (Amendment of Section 2). ",5/3/2010,Ahir Shri Hansraj Gangaram,
"Introduction of the Constitution (Amendment) Bill, 2009 (Amendment of Article 253)<span style=''mso-tab-count:1''>     </span>. ",5/3/2010,Panda Shri Prabodh,Democracy
"Introduction of the Special Financial Assistance to the State of Uttarakhand Bill, 2009. ",5/3/2010,Singh Baba Shri K.C.,Financial Aid
"Introduction of the Constitution (Scheduled Castes) Order (Amendment) Bill, 2009 (Amendment of the Schedule<b>). </b>",5/3/2010,Singh Baba Shri K.C.,SCs List
"Introduction of the Meritorious Students (Assistance in Higher Studies) Bill, 2009. ",5/3/2010,Singh Baba Shri K.C.,"Financial Aid,Higher Education"
"Introduction of the Deposit Insurance and Credit Guarantee Corporation (Amendment) Bill, 2009 (Amendment of Section 21). ",5/3/2010,Mahajan Smt. Sumitra,Banking Systems
"Introduction of the Constitution (Amendment) Bill, 2009 (Amendment of Article 243A). ",5/3/2010,Singh Dr. Raghuvansh Prasad,Panchayat System
"Introduction of the High Court at Allahabad (Establishment of a Permanent</span><span style=''font-size:13.0pt;font-family:AryanUnicode''> Bench at Meerut) Bill, 2010. ",5/3/2010,Agarwal Shri Rajendra,Court Benches
"Introduction of the High Court of Uttarakhand (Establishment of a Permanent Bench at Narendranagar) Bill, 2010. ",5/3/2010,Maharaj Shri Satpal,Court Benches
"Introduction of the Working Journalists and Other Newspaper Employees (Conditions of Service) and Miscellaneous Provisions (Amendment) Bill, 2010 (Insertion of New Sections 13AB, 13AC and 13AD). ",5/3/2010,Agarwal Shri Jai Prakash,Welfare Measures
"Introduction of the Cultural Heritage Conservation Bill, 2010. ",5/3/2010,Agarwal Shri Jai Prakash,Preservation of Cultural Heritage
"Introduction of the Uniform Education Bill, 2010. ",5/3/2010,Agarwal Shri Jai Prakash,Educational Systems
"Introduction of the Private Schools (Regulation) Bill, 2010. ",5/3/2010,Wakchaure Shri Bhausaheb Rajaram,"Exploitation,Monitoring Mechanism"
"Introduction of the Constitution (Scheduled Tribes) Order (Amendment) Bill, 2010 (Amendment of the Schedule). ",5/3/2010,Dubey Shri Nishikant ,
"Introduction of the Plantations Labour (Amendment) Bill, 2010 (Insertion of new Chapter IVA, etc.). ",5/3/2010,Thomas Shri P. T.,"Plantation Workers,Welfare Measures"
"Introduction of the Payment of Bonus (Amendment) Bill, 2010 (Amendment of section 2, etc.). ",5/3/2010,Thomas Shri P. T.,
"Introduction of the Abolition of Begging Bill, 2010. ",5/3/2010,Majumdar Shri Prasanta Kumar,Beggars & Begging
"Introduction of the Population Control Bill, 2010. ",5/3/2010,Majumdar Shri Prasanta Kumar,Family Planning
"Introduction of the Constitution (Amendment) Bill, 2010 (Amendment of the Tenth Schedule). ",5/3/2010,Tewari Shri Manish,Anti-Defection Law
"Introduction of the Compulsory Teaching of Yoga in Educational Institutions Bill, 2010. ",5/3/2010,Maharaj Shri Satpal,"School Curriculum,Yoga Education"
"Further discussion on the motion for consideration of the Compulsory Voting Bill, 2009 moved<span style=""mso-spacerun: yes"">  </span>by Shri J.P. Aggarwal on the 4th December, 2009 (Discussion not concluded). ",5/3/2010,"Agarwal Shri Jai Prakash,Yadav Shri Hukamdeo Narayan,Mishra Shri Mahabal ,Mahtab Shri Bhartruhari,Sivasami Shri C.,Meghwal Shri Arjun Ram ","Black Money,Elections,Electoral Reforms,Fundamental Rights,Panchayat System,Corruption,Compulsory Voting,Electronic Voting Machines,Punishments,Independent Contestent,Criminalisation of Politics,Right to Vote"
"Introduction of Constitution (Amendment) Bill, 2009 (Amendment of article 275). ",4/12/2009,Panda Shri Baijayant,"Development Projects,Fund Allocation"
"Introduction of Illegal Immigrants and Overstaying Foreign Nationals (Identification and Deportation) Bill, 2009. ",4/12/2009,Panda Shri Baijayant,"Infiltration,Immigration Control"
"Introduction of Promotion of Two Child Norm Bill, 2009. ",4/12/2009,Panda Shri Baijayant,Population Control
"Introduction of the Constitution (Amendment) Bill, 2009 (Insertion of new article 16A). ",4/12/2009,Acharia Shri Basudeb,"Job Vacancies,Private Sector"
"Introduction of the Special Irrigation Development Fund (For Forest Areas) Bill, 2009. ",4/12/2009,Ahir Shri Hansraj Gangaram,"Forest Areas,Irrigation Projects"
"Introduction of the Compulsory Voting Bill, 2009. ",4/12/2009,Sule Supriya ,"Elections,Punishments,Voting Rights"
"Introduction of the Scheduled Tribes and Other Traditional Forest Dwellers (Recognition of Forest Rights) Amendment Bill, 2009 (Amendment of sections 2 and 6). ",4/12/2009,Hegde Shri Anant Kumar,Tribal Development
"Introduction of the Constitution (Amendment) Bill, 2009 (Amendment of 7th Schedule).",4/12/2009,Hegde Shri Anant Kumar,"Fishery Industry,Fishermen Welfare"
"Introduction of the Basic and Primary Education (Compulsory Teaching in Mother Tongue) Bill, 2009. ",4/12/2009,Yadav Shri Om Prakash,
"Introduction of the Provision of Communication Facilities in Every Village Bill, 2009. ",4/12/2009,Yadav Shri Om Prakash,Communication Services
"Introduction of the Constitution (Amendment) Bill, 2009 (Amendement of the Eighth Schedule). ",4/12/2009,Yadav Shri Om Prakash,Language Promotion
"Introduction of the Special Financial Assistance to the State of Bihar Bill, 2009. ",4/12/2009,Yadav Shri Om Prakash,"Development Programmes,Financial Aid"
"Introduction of the Prevention of Insults to National Honour (Amendment) Bill, 2009 (Insertion of new section 4).",4/12/2009,Agarwal Shri Jai Prakash,Freedom Fighters
"Introduction of the Youth Welfare Bill, 2009. ",4/12/2009,Agarwal Shri Jai Prakash,"Education,Youth Development"
"Introduction of the Eradication of Unemployment Bill, 2009. ",4/12/2009,Agarwal Shri Jai Prakash,"Employment Opportunities,Unemployment Allowance"
"Introduction of the Electricity (Compulsory Supply to Katras and Densely Populated Areas) Bill, 2009. ",4/12/2009,Agarwal Shri Jai Prakash,"Power Supply,Electricity Shortage"
"Introduction of the Insurance Agents Welfare Bill, 2009",4/12/2009,Acharia Shri Basudeb,"Social Security,insurance sector"
"Introduction of the special financial assistance to the state of Jharkhand Bill, 2009. ",4/12/2009,Namdhari Shri Inder Singh,"Development Programmes,Financial Aid"
"Introduction of the</span> Forest (Conservation) Amendment Bill, 2009 (Insertion of new Sections 3C and 3D). ",4/12/2009,Maharaj Shri Satpal,"Deforestation,Development Programmes,Hilly Areas"
"Introduction of the Constitution (Amendment) Bill, 2009 (Insertion of new Article 371J).",4/12/2009,Namdhari Shri Inder Singh,State Legislatures
"Introduction of the Payment of Gratuity (Amendment) Bill, 2009 (Amendment of section 4). ",4/12/2009,Thomas Shri P. T.,
"Introduction of the Rainwater (Compulsory Harvesting) Bill, 2009. ",4/12/2009,Meghwal Shri Arjun Ram ,"Drinking Water,Water Shortage,Rain Water Harvesting,Water level"
"Introduction of the Special Financial Assistance to the State of Rajasthan Bill, 2009. ",4/12/2009,Meghwal Shri Arjun Ram ,"Development Programmes,Financial Aid"
"Introduction of the Integrated Child Development Services (Regularisation) Bill, 2009. ",4/12/2009,Meghwal Shri Arjun Ram ,"Child Development,Insurance,Malnutrition,Anganwadi"
"Introduction of the </span>Domestic Workers (Conditions of Service) Bill, 2009. ",4/12/2009,Meghwal Shri Arjun Ram ,"Wages,Basic Amenities"
"Introduction of the Constitution (Amendment) Bill, 2009 (Insertion of new Article 275A and 371J).",4/12/2009,Yadav Shri Ranjan Prasad,"Fund Allocation,Infrastructure Development"
"Introduction of the Child Welfare Bill, 2009. ",4/12/2009,Chowdhury Shri Adhir Ranjan,"Child Development,Exploitation,Child Education"
"Introduction of the Abolition of Dealth Penalty to Women, Children and Indigent Persons Bill, 2009. ",4/12/2009,Chowdhury Shri Adhir Ranjan,Death Sentence
"Introduction of the Poor and Destitute Agricultural Workers and Artisans (Welfare) Bill, 2009. ",4/12/2009,Kumar Shri Shailendra,"Unorganized Labour,Basic Amenities,Welfare Measures"
"Introduction of the Constitution (Amendment) Bill, 2009 (Amendment of Article 48). ",4/12/2009,Kumar Shri Shailendra,"Agricultural Sector,Agricultural Labourers"
"Introduction of the Street Children (Rehabilitation and Welfare) Bill, 2009. ",4/12/2009,Kumar Shri Shailendra,"Education,Exploitation,Non-Governmental Organisations (NGO),Basic Amenities"
"Further discussion on the Underdeveloped and Backward Areas and Regions (Special Provisions for Accelerated Development) Bill, 2009 Moved by Shri Baijayant Panda on 17.07.2009 (Bill Withdrawn). ",4/12/2009,"Narayanasamy Shri V.,Panda Shri Baijayant","Backward Areas,Development Programmes,Fund Allocation,Rural Development,Rural Electrification,Border Areas,Monitoring,Infrastructure Development,Hilly Areas,Basic Amenities,Centrally Sponsored Schemes,Below Poverty Line,National Rural Health Mission,National Rural Employment Guarantee Act (NREGA)"
"Discussion on the motion for consideration of the Prevention of Cruelty to Animals (Amendment) Bill, 2009 (Amendment of Section 11, etc.) (Bill Withdrawn).",4/12/2009,"Sardinha Shri Francisco,Yadav Shri Hukamdeo Narayan,Kumar Shri Shailendra,Meghwal Shri Arjun Ram ,Ramesh Shri Jairam,Sardinha Shri Francisco","Animal Protection,Farm Animals,Slaughter,Slaughtering,Smuggling,Sports,Animal Cruelty,Non-Governmental Organisations (NGO),Census,Crop Damages,Veterinary Hospital"
"Discussion on the motion for consideration of the Compulsory Voting Bill, 2009. ",4/12/2009,Agarwal Shri Jai Prakash,"Democracy,Elections,Compulsory Voting,Voter List,Fundamental Duty"
"Introduction of the Old Age Pension and Rehabilitation Bill, 2009.",31-07-2009,Chowdhury Shri Adhir Ranjan,Social Security
"Introduction of the Constitution (Amendment) Bill, 2009 (Insertion of new article 21B). ",31-07-2009,Acharia Shri Basudeb,"Fundamental Rights,Social Security"
"Introduction of the Constitution (Andaman and Nicobar Islands) Scheduled Tribes Order (Amendment) Bill, 2009 (Amendment of the Schedule). ",31-07-2009,Acharia Shri Basudeb,"Backwardness,Tribal Welfare"
"Introduction of the Constitution (Scheduled Castes) Order (Amendment) Bill, 2009 (Amendment of the Schedule). ",31-07-2009,Acharia Shri Basudeb,SCs List
"Introduction of the<span style=""mso-spacerun: yes"">  </span>Constitution (Scheduled Tribes) Order (Amendment) Bill, 2009</span><span style=''font-size: 19.0pt;mso-bidi-font-size:13.0pt;mso-bidi-font-weight:bold''> </span><span style=''font-size:13.0pt;mso-bidi-font-weight:bold''>(Amendment of the Schedule). ",31-07-2009,Acharia Shri Basudeb,
"Introduction of the Constitution (Amendment) Bill, 2009 (Amendment of article 130). ",31-07-2009,Ahir Shri Hansraj Gangaram,"Supreme Court,Court Benches"
"Introduction of Payment of Subsistence Allowance to Farmers and Agricultural Labourers Bill, 2009. ",31-07-2009,Ahir Shri Hansraj Gangaram,"Agricultural Sector,Financial Resources"
"Introduction of Council for Environment Protection Bill, 2009. ",31-07-2009,Singh Baba Shri K.C.,"Ecological Balance,Environmental Protection"
"Introduction of the Central Himalayan States Development Council Bill, 2009. ",31-07-2009,Singh Baba Shri K.C.,"Development Programmes,Infrastructure Development,Basic Amenities"
"Introduction of the Constitution (Amendment) Bill, 2009 (Amendment of article 51A). ",31-07-2009,Singh Baba Shri K.C.,"Compulsory Voting,Fundamental Duty"
"Introduction of the Consumer Goods (Mandatory Printing of Cost of Production and Maximum Retail Price) Bill, 2009. ",31-07-2009,Ahir Shri Hansraj Gangaram,"Consumer Prices,Production Costs"
"Introduction of Agricultural Land Acquisition Regulatory<span style=""mso-spacerun: yes"">  </span>Authority Bill, 2009.",31-07-2009,Ahir Shri Hansraj Gangaram,Agricultural Land
"Introduction of the High Court of Andhra Pradesh (Establishment of a Permanent Branch at Vijayawada) Bill, 2009. ",31-07-2009,Lagadapati Shri Rajagopal,Court Benches
"Introduction of the Constitution (Amendment) Bill, 2009 (Insertion of new article 21B). ",31-07-2009,Lagadapati Shri Rajagopal,"House Allotment,Housing Policy"
"Introduction of the Disruption of Proceedings of Parliament (Disentitlement of Daily Allowance to Members and Termination of Membership) Bill, 2009.",31-07-2009,Lagadapati Shri Rajagopal,Parliament Proceedings
"Introduction of the Constitution (Scheduled Castes) Orders (Amendment) Bill, 2009. ",31-07-2009,Lagadapati Shri Rajagopal,
"Further discussion on the Underdeveloped and Backward Areas and Regions (Special Provisions for Accelerated Development) Bill, 2009 moved by Shri Baijayant Panda on the 17th July, 2009. ",31-07-2009,"Mahtab Shri Bhartruhari,Chowdhury Shri Adhir Ranjan,Singh Shri Bhola,Kumar Shri Shailendra,Sethi Shri Arjun Charan,Meghwal Shri Arjun Ram ,Yadav Shri Om Prakash,Ray Shri Rudramadhab ,Narayanasamy Shri V.","Drinking Water,Employment Opportunities,Financial Aid,Fund Allocation,Health Facilities,Industrial Development,Irrigation Development,Poverty Alleviation Programme,Private Investments,Regional Disparity,Regional Imbalances,Resource Mobilisation,Royalties,Unemployed,Fund Utilization,Infrastructure Development,Prime Minister Gram Sadak Yojana (PMGSY),Centrally Sponsored Schemes,Below Poverty Line,Small and Marginal Farmers,Naxalism,National Rural Employment Guarantee Act (NREGA)"
"Introduction of the Ban on Cow Slaughter Bill, 2009.",17-07-2009,Adityanath Shri Yogi,
"Introduction of the Constitution (Amendment) Bill (Omission of article 44, etc.), 2009. ",17-07-2009,Adityanath Shri Yogi,"Social Justice,Uniform Civil Code"
"Introduction of the Freedom Fighters and their Families (Welfare) Bill, 2009. ",17-07-2009,Agarwal Shri Jai Prakash,"Family Pension,Basic Amenities"
"Introduction of the Compulsory Voting Bill, 2009. ",17-07-2009,Agarwal Shri Jai Prakash,
"Introduction of the Free and Compulsory Education Bill, 2009.",17-07-2009,Agarwal Shri Jai Prakash,
"Introduction of the Destitute Women and Widows Welfare Bill, 2009. ",17-07-2009,Agarwal Shri Jai Prakash,"Exploitation,Prostitution,Rehabilitation,Welfare Schemes"
"Introduction of the Agricultural Workers (Employment, Conditions of Service and Welfare) Bill, 2009. ",17-07-2009,Chowdhury Shri Adhir Ranjan,"Welfare Schemes,Agricultural Labourers,Punishments"
"Introduction of the Prevention of Female Infanticide Bill, 2009. ",17-07-2009,Chowdhury Shri Adhir Ranjan,Punishments
"Discussion on the motion for consideration of the Underdeveloped and Backward Areas and Regions (Special Provisions for Accelerated Development) Bill, 2009. (Under Consideration). ",17-07-2009,"Panda Shri Baijayant,Yadav Shri Hukamdeo Narayan,Vinay Kumar Alias Vinnu Shri ,Rai Shri Prem Das,Das Shri Bhakta Charan,Misra Shri Pinaki,Singh Chaudhary Lal,Mahtab Shri Bhartruhari","Decentralization,Development Programmes,Economic And Social Development,Economically Backward,Education,Extremists,Industrial Development,Industrial Policy,Irrigation,Legislation,Mineral Exploration,Poverty Alleviation Programme,Primary Health Centres,Railway Lines,Railway Network,Regional Disparity,Regional Imbalances,Royalties,Starvation,Anganwadi,Fund Utilization,Monitoring Mechanism,Infrastructure Development,Caste System,Food Security,Below Poverty Line,Farmers' Suicide,Naxalism,National Rural Employment Guarantee Act (NREGA),Bharat Nirman"
"Introduction of the Prevention of Cruelty to Animals (Amendment) Bill, 2009 (Amendment of Section 11, etc.)<span style=''font-size:12.0pt''>. ",3/7/2009,Sardinha Shri Francisco,
"Introduction of the </span>Underdeveloped and Backward Areas and Regions (Special Provisions for Accelerated Development)Bill, 2009.",3/7/2009,Panda Shri Baijayant,
"Introduction of the Persons Affected by Naxalite Terrorism (Relief and Rehabilitation) Bill, 2009.",3/7/2009,Panda Shri Baijayant,
"Introduction of the Citizens Affected by Cyclone, Super Cyclone or Tsunami in Coastal Areas (Compensation, Rehabilitation and Welfare) Bill, 2009.",3/7/2009,Panda Shri Baijayant,
"Introduction of the Prevention of Unsolicited Telephonic Calls and Protection of Privacy Bill, 2009.",3/7/2009,Panda Shri Baijayant,
"Introduction of the </span>Constitution (Amendment) Bill, 2009 (Amendment of The Eighth Schedule)<span style=''font-size:12.0pt''>. ",3/7/2009,Meghwal Shri Arjun Ram ,
